id,name,parent_a,parent_b
1,"Bully","Pitbull","American Bully"
2,"Bully Hound","American Bully","Coonhound"
3,"Hog Dog","Pitbull","Catahoula"
4,"Cajun Bully","American Bully","Plott Hound"
5,"Swamp Dog","Catahoula","Black Mouth Cur"
6,"Cur Bully","Black Mouth Cur","Pitbull"
7,"Red Bone Cur","Redbone","Black Mouth Cur"
8,"Blue Cur","Catahoula","Black Mouth Cur"
9,"Golden Cur","Labrador","Black Mouth Cur"
10,"Tracker","Treeing Walker","Plott Hound"
11,"Walker Hound","Treeing Walker","Beagle"
12,"Plotthound","Plott Hound","Coonhound"
13,"Mountain Cur","Mountain Cur","Plott Hound"
14,"Leopard Cur","Catahoula","Mountain Cur"
15,"Treeing Cur","Treeing Walker","Black Mouth Cur"
16,"Beagle Hound","Beagle","Plott Hound"
17,"Redbone Hound","Redbone","Coonhound"
18,"Hound Lab","Labrador","Coonhound"
19,"Coonhound","Black and Tan","Redbone"
20,"Ghost Hound","Catahoula","Treeing Walker"
21,"Bay Dog","Plott Hound","Redbone"
22,"Dark Bay","Black Mouth Cur","Coonhound"
23,"Swamp Hound","Catahoula","Redbone"
24,"River Hound","Treeing Walker","Labrador"
25,"Brindle Hound","Plott Hound","Catahoula"
26,"Ticked Hound","Treeing Walker","Bluetick"
27,"Bluetick","Bluetick","Treeing Walker"
28,"Red Tick","Redbone","Bluetick"
29,"Saddle Hound","Black and Tan","Treeing Walker"
30,"Tri Hound","Beagle","Coonhound"
31,"Mountain Hound","Mountain Cur","Redbone"
32,"Blaze Hound","Treeing Walker","Plott Hound"
33,"Iron Hound","Plott Hound","American Bully"
34,"Mud Hound","Catahoula","Coonhound"
35,"White Hound","Treeing Walker","Labrador"
36,"Spotted Hound","Catahoula","Treeing Walker"
37,"Marsh Hound","Catahoula","Redbone"
38,"River Cur","Labrador","Black Mouth Cur"
39,"Wood Hound","Plott Hound","Mountain Cur"
40,"Night Hound","Black and Tan","Plott Hound"
41,"BullDog Cur","American Bulldog","Black Mouth Cur"
42,"Merle Bully","American Bully","Catahoula"
43,"Steel Cur","Catahoula","Pitbull"
44,"Titanium Hound","Catahoula","Treeing Walker"
45,"Smoke Cur","Blue Lacy","Black Mouth Cur"
46,"Chocolate Cur","Labrador","Mountain Cur"
47,"Lilac Bully","American Bully","Pitbull"
48,"Sable Hound","Plott Hound","Black Mouth Cur"
49,"Shadle Cur","Plott Mouth Cur","Catahoula"
50,"Cream Tick","Labrador","Treeing Walker"
51,"Blue Cur","Catahoula","Blue Lacy"
52,"Frost Hound","Catahoula","Labrador"
53,"Night Cur","Black Mouth Cur","Pitbull"
54,"Sand Hound","Labrador","Redbone"
55,"Ghost Cur","Catahoula","Black Mouth Cur"
56,"Red Cur","Redbone","Mountain Cur"
57,"Ebony Hound","Black and Tan","Redbone"
58,"Ice Hound","Catahoula","Treeing Walker"
59,"Champagne Bully","American Bully","Labrador"
60,"Buckskin Cur","Labrador","Mountain Cur"
61,"Marble Cur","Catahoula","Mountain Cur"
62,"Rust Hound","Redbone","Plott Hound"
63,"Forest Hound","Plott Hound","Black Mouth Cur"
64,"Panda Cur","Black and White","Catahoula"
65,"Storm Hound","Catahoula","Labrador"
66,"Honey Cur","Labrador","Redbone"
67,"Midnight Cur","Black Mouth Cur","Pitbull"
68,"Tundra Hound","Catahoula","Blue Lacy"
69,"Mahogany Cur","Redbone","Mountain Cur"
70,"Savannah Hound","Labrador","Coonhound"
71,"Ash Cur","Catahoula","Black Mouth Cur"
72,"Copper Tick","Redbone","Treeing Walker"
73,"Stone Hound","Catahoula","Plott Hound"
74,"Timber Hound","Plott Hound","Coonhound"
75,"Ranger Cur","Black Mouth Cur","Labrador Cur"
76,"Diamond Cur","Catahoula","Pitbull"
77,"Ebonyset Hound","Redbone","Labrador"
78,"Coal Hound","Black and Tan","Plott Hound"
79,"Maple Cur","Lab","Mountain Cur"
80,"River Bully","American Bully","Catahoula"
81,"Phantom Hound","Catahoula","Treeing Walker"
82,"Lynx Cur","Catahoula","Mountain Cur"
83,"Bronze Hound","Redbone","Black Mouth Cur"
84,"Sky Hound","Catahoula","Labrador"
85,"Copper Bully","American Bully","Plott Hound"
86,"Arctic Hound","Labrador","Treeing Walker"
87,"Phoenix Cur","Redbone","Pitbull"
88,"Mocha Hound","Labrador","Coonhound"
89,"Havoc Hound","Catahoula","American Bully"
90,"Legend Cur","Plott Hound","Black Mouth Cur"
91,"Legendary Mix 100","American Bully","Redbone"
